Index,Word,log freq,nr. of tokens,tokens,word score
0,abandoned,9.500170136485425,1,abandoned,-12.547154426574709
1,abhorred,7.168579897264035,4,a_##b_##hor_##red,-42.58277416229248
2,abolitionist,7.994632311431825,2,abolition_##ist,-28.053974151611328
3,abused,7.9157131993821155,1,abused,-14.163012504577637
4,accepted,9.757362911053992,1,accepted,-12.292518615722656
5,accompanied,7.044905117129371,1,accompanied,-12.37789249420166
6,accosted,6.499787040655854,3,a_##cco_##sted,-31.766255378723145
7,accountant,7.685703061234547,1,accountant,-14.548582077026367
8,accused,8.729558869558568,1,accused,-13.174432754516602
9,accuser,8.009695357742922,3,a_##cc_##user,-30.483985900878903
10,acquitted,7.961370201719511,1,acquitted,-13.841323852539062
11,acrobat,8.234299635696253,4,a_##c_##ro_##bat,-39.657898902893066
12,activist,8.203304026795282,1,activist,-13.445990562438965
13,actor,9.884865228408032,1,actor,-12.783315658569336
14,actress,7.779466967458324,1,actress,-12.58212947845459
15,actuary,6.985641817639208,2,act_##uary,-27.850271224975582
16,address,10.378572002524349,1,address,-12.121315002441406
17,adjuster,6.555356891810665,2,adjust_##er,-25.85852336883545
18,admiral,8.909505512946101,1,admiral,-14.487467765808104
19,admired,7.615791072035833,1,admired,-14.239224433898926
20,admirer,8.281470857895167,2,admire_##r,-25.13794231414795
21,admonished,6.814542897259958,3,ad_##mon_##ished,-38.32655429840088
22,adopted,9.691716587516886,1,adopted,-13.010218620300291
23,adored,7.280008252884188,2,ad_##ored,-29.962984085083008
24,adorned,7.182352111885263,1,adorned,-13.86172866821289
25,adventurer,8.10349427838097,2,adventure_##r,-25.365781784057617
26,advisor,8.300280189852664,1,advisor,-14.046029090881348
27,affronted,6.980075940561763,4,a_##ff_##ron_##ted,-40.65034484863281
28,agent,10.884366804297896,1,agent,-12.612852096557615
29,aggravated,6.672032945461067,4,a_##gg_##ra_##vated,-45.51152801513672
30,agitated,7.493317248862145,1,agitated,-15.123973846435549
31,aide,9.340227632810604,1,aide,-14.97866439819336
32,airplane,7.504942068396171,1,airplane,-14.199220657348633
33,alarmed,7.309212365692763,1,alarmed,-14.837882041931152
34,alcohol,10.277324385186116,1,alcohol,-13.750203132629396
35,alcoholic,7.923348211930154,1,alcoholic,-14.565917015075684
36,amateur,8.395251520610994,1,amateur,-13.830005645751951
37,ambassador,8.674880467251832,1,ambassador,-12.943504333496094
38,amused,7.080867896690782,1,amused,-15.057826042175291
39,analyst,8.111928063310739,1,analyst,-14.856527328491213
40,anchorman,5.673323267171493,2,anchor_##man,-27.013710975646973
41,announcer,6.709304340258298,1,announcer,-14.714279174804688
42,annoyed,6.905753276311464,1,annoyed,-14.697543144226074
43,antagonized,6.285998094508865,3,ant_##agon_##ized,-40.90367889404297
44,anthem,8.892061625546935,1,anthem,-14.556829452514648
45,anthropologist,7.9355873855892,1,anthropologist,-15.07175636291504
46,apartment,8.76201995356159,1,apartment,-13.128206253051758
47,applauded,7.072421900537371,3,app_##lau_##ded,-39.46236610412598
48,appointment,9.70069794710231,1,appointment,-13.465103149414062
49,appraiser,7.611842399580417,2,app_##raiser,-29.72887897491455
50,apprehended,7.66105638236183,4,app_##re_##hend_##ed,-45.95875072479248
51,apprentice,9.086249986745132,1,apprentice,-14.325648307800291
52,approached,7.601901959875166,1,approached,-13.03079605102539
53,approved,9.25167423546916,1,approved,-12.27377223968506
54,archaeologist,7.461640392208575,1,archaeologist,-15.201868057250977
55,architect,10.136383395293016,1,architect,-13.017315864562988
56,archivist,7.776115477098742,2,arch_##ivist,-33.5764856338501
57,aristocrat,9.320628725870304,3,a_##risto_##crat,-36.28392219543457
58,arranged,7.79934339821592,1,arranged,-11.843688011169434
59,arsonist,6.336825731146441,3,a_##rson_##ist,-31.450549125671387
60,article,10.419241014538416,1,article,-12.854888916015623
61,artisan,8.753213480544126,2,art_##isan,-29.752171516418457
62,artist,10.441529431095358,1,artist,-12.624333381652832
63,assailant,7.843064016692054,3,ass_##ail_##ant,-39.04934597015381
64,assassin,9.699778913860523,1,assassin,-14.306787490844728
65,assignment,9.362889770436468,1,assignment,-13.96634292602539
66,assistant,9.145588494746486,1,assistant,-12.40400505065918
67,assisted,7.258412150595307,1,assisted,-13.674844741821287
68,assuaged,6.432940092739179,3,ass_##ua_##ged,-40.03953552246094
69,asylum,8.566935283311052,1,asylum,-13.642563819885254
70,ate,11.490066170824146,1,ate,-13.51450252532959
71,athlete,7.987864096085687,1,athlete,-13.411450386047363
72,attacked,8.479698986988657,1,attacked,-11.88075351715088
73,attacker,7.29776828253138,1,attacker,-14.59305191040039
74,attendant,8.104703468371108,1,attendant,-13.697535514831545
75,attended,8.3030093814735,1,attended,-12.609760284423828
76,attired,6.666956792429207,2,attire_##d,-27.235069274902344
77,attorney,9.704548689918736,1,attorney,-13.48863124847412
78,au,14.4713996980682,1,au,-12.37832736968994
79,audience,9.923094082175046,1,audience,-13.95783233642578
80,auditor,9.733707027236484,2,audit_##or,-28.800023078918457
81,aunt,9.307467082706903,1,aunt,-13.077292442321776
82,author,12.03998264144649,1,author,-12.725605964660645
83,autographed,6.063785208687608,3,auto_##graph_##ed,-36.06669425964356
84,aviator,7.364547014255642,2,a_##viator,-24.11789321899414
85,awed,7.129297548929373,2,awe_##d,-26.982421875
86,baby,10.260427461368565,1,baby,-11.084800720214844
87,bachelor,8.73761303680885,1,bachelor,-13.321673393249512
88,badgered,6.311734809152915,2,badge_##red,-30.09234619140625
89,baffled,7.080867896690782,3,b_##af_##fled,-35.634419441223145
90,bag,11.166328142227036,1,bag,-12.53501796722412
91,baguette,7.117205503164344,3,bag_##ue_##tte,-37.21593475341797
92,bailiff,7.92588031673756,2,bail_##iff,-31.45863628387451
93,baker,8.772145439245099,2,b_##aker,-25.69106674194336
94,ballerina,6.839476438228843,2,ball_##erina,-28.22312068939209
95,ballot,9.646657943567112,1,ballot,-14.266376495361328
96,banished,7.397561535524052,1,banished,-14.430127143859863
97,banker,8.522578663692576,1,banker,-14.550335884094238
98,banner,9.132054453577638,1,banner,-13.7040433883667
99,barber,9.364433907313582,2,bar_##ber,-26.33501243591309
100,baron,9.883488906029438,1,baron,-13.931601524353027
101,baroness,7.288927694521257,2,baron_##ess,-27.51544952392578
102,barrister,7.577633832602728,1,barrister,-14.544700622558594
103,basin,9.30801139914963,1,basin,-13.77705192565918
104,basted,6.431331081933479,3,b_##ast_##ed,-32.1463041305542
105,battery,8.714239143608575,1,battery,-14.427273750305176
106,bear,11.301586959105782,1,bear,-12.991711616516112
107,beat,11.004181007408064,1,beat,-12.37077522277832
108,beaten,8.134467570277563,1,beaten,-13.71286392211914
109,befriended,6.582025138892826,1,befriended,-15.322893142700195
110,befuddled,6.214608098422191,3,be_##fu_##ddled,-36.87161874771118
111,begged,6.444131256700441,1,begged,-13.870816230773926
112,beginner,7.685243607975833,2,begin_##ner,-26.89545440673828
113,begrudged,6.22455842927536,3,beg_##rudge_##d,-36.191447257995605
114,believed,8.93102321585603,1,believed,-11.965639114379885
115,belittled,6.175867270105761,3,be_##lit_##tled,-35.86823892593384
116,bellboy,6.666956792429207,2,bell_##boy,-27.95499897003174
117,bemused,6.680854678790215,3,be_##mus_##ed,-32.37116765975952
118,benefactor,8.474703139795285,3,ben_##ef_##actor,-42.93631839752197
119,beneficiary,9.056722883310584,4,ben_##ef_##ici_##ary,-52.37569236755371
120,bent,9.883794919190391,1,bent,-12.467421531677246
121,berated,6.302618975744905,2,be_##rated,-25.88960266113281
122,betrayed,7.023758954738443,1,betrayed,-13.982813835144045
123,beverage,8.118802996980035,1,beverage,-15.81596565246582
124,biased,7.204892510204673,2,bias_##ed,-27.258316040039062
125,biker,6.88653164253051,2,bike_##r,-24.80563449859619
126,billed,6.773080375655535,1,billed,-14.430087089538574
127,biologist,7.627544390488503,1,biologist,-14.906210899353027
128,blackmailer,6.776506992372183,3,black_##mail_##er,-30.55403423309326
129,blamed,7.111512116496157,1,blamed,-14.029455184936523
130,blew,8.106212902619962,1,blew,-12.913379669189451
131,blonde,8.209580483475577,1,blonde,-13.127002716064451
132,blown,8.023552392404348,1,blown,-13.592456817626951
133,book,11.848132615993713,1,book,-11.330890655517578
134,bookkeeper,7.345364840416867,2,book_##keeper,-25.67428970336914
135,bookseller,7.696667081526462,2,books_##eller,-26.883280754089355
136,bookworm,7.162397497355718,2,book_##worm,-27.6618766784668
137,borrowed,7.367708572374371,1,borrowed,-14.00381851196289
138,boss,9.850350454123,1,boss,-13.07680606842041
139,botanist,7.821643126239982,1,botanist,-14.495590209960938
140,bothered,6.052089168924417,1,bothered,-13.819640159606934
141,bottle,9.750161532583428,1,bottle,-12.172159194946287
142,bought,8.554874258383926,1,bought,-12.687277793884276
143,bowler,7.368970402194793,1,bowler,-13.361028671264648
144,boy,11.221114881934668,1,boy,-12.41029930114746
145,boyfriend,7.066466970136958,1,boyfriend,-13.14406967163086
146,bribed,6.385194398997726,3,br_##ibe_##d,-34.38240051269531
147,bricklayer,7.116394144093465,2,brick_##layer,-29.89636611938477
148,brochure,7.515889085215125,3,br_##och_##ure,-36.97275257110596
149,broker,8.790269111478656,1,broker,-14.635662078857422
150,brunette,7.315218389752975,3,br_##une_##tte,-36.34349250793457
151,bulb,10.28800137389136,1,bulb,-12.90815258026123
152,bully,8.877939834725023,2,bull_##y,-22.254036903381348
153,bum,10.950455608051898,2,b_##um,-22.539628982543945
154,bureaucrat,8.852664927703866,2,bureau_##crat,-32.00044536590576
155,burgled,5.91350300563827,3,b_##urg_##led,-35.34319877624512
156,burial,9.06843112579349,1,burial,-15.02084732055664
157,burned,8.872346978983032,1,burned,-12.610444068908691
158,burnt,8.985320060649112,1,burnt,-13.13596248626709
159,bus,12.36680022151187,1,bus,-13.211612701416016
160,busboy,6.192362489474872,2,bus_##boy,-27.394959449768063
161,businessman,7.1180162044653335,1,businessman,-13.93267822265625
162,butcher,9.393328373313295,1,butcher,-14.365276336669922
163,button,9.815202637668555,1,button,-12.876526832580566
164,buyer,9.282288871288769,1,buyer,-14.635085105895996
165,by,12.782197126305144,1,by,-8.04049301147461
166,bystander,7.643482907077201,3,by_##stand_##er,-30.501686573028564
167,cabbie,6.4692503167957724,2,cab_##bie,-29.932921409606934
168,cadet,8.296297112642508,1,cadet,-15.816617965698242
169,calculated,8.669399124305569,1,calculated,-13.530502319335938
170,call,11.937565552464434,1,call,-11.42345905303955
171,called,9.64930472862475,1,called,-10.325697898864746
172,calmed,6.2166061010848646,1,calmed,-14.66585636138916
173,campaigner,6.851184927493743,2,campaign_##er,-23.732967376708984
174,camper,7.793174347189205,2,camp_##er,-23.860848426818848
175,canceled,7.438971592395862,1,canceled,-13.852659225463867
176,candidate,9.95041884722056,1,candidate,-12.814014434814451
177,capitalist,8.912473274466036,1,capitalist,-15.591331481933594
178,captain,9.393411647660685,1,captain,-13.557062149047852
179,captive,8.914760527397261,1,captive,-14.705880165100098
180,car,14.12184680437444,1,car,-10.911175727844238
181,cardiologist,6.327936783729195,3,card_##iol_##ogist,-42.25940132141113
182,caretaker,7.226209010100671,1,caretaker,-15.249435424804688
183,carnivore,7.1785454837637,4,car_##ni_##vor_##e,-42.478848457336426
184,carrier,9.947360886980098,1,carrier,-14.97707462310791
185,cartographer,6.740519359606223,2,cart_##ographer,-33.43640422821045
186,cartoonist,6.854354502255021,1,cartoonist,-14.39931297302246
187,caseworker,6.246106765481563,3,case_##work_##er,-31.23684501647949
188,cash,10.367410230215862,1,cash,-13.517170906066896
189,cashier,8.444837529224097,2,cash_##ier,-28.47016906738281
190,cast,11.95130296903415,1,cast,-12.132888793945312
191,caught,8.193953023563742,1,caught,-12.061628341674805
192,cautioned,6.248042874508429,2,caution_##ed,-27.203353881835938
193,celebrity,7.283448228756631,1,celebrity,-14.400663375854492
194,cellist,6.945051063725834,2,cell_##ist,-26.503725051879883
195,chairman,8.851377097519439,1,chairman,-12.61324977874756
196,challenged,8.294299608857235,1,challenged,-13.71265697479248
197,champion,8.62371303479391,1,champion,-12.554462432861328
198,chancellor,8.22389538017882,1,chancellor,-15.262343406677246
199,changed,9.485165142425409,1,changed,-12.277896881103516
200,channeler,6.075346031088684,2,channel_##er,-24.004158973693848
201,chaplain,8.605936401250625,1,chaplain,-14.217377662658691
202,character,11.604975791768045,1,character,-11.99884033203125
203,charged,9.106534203250591,1,charged,-13.481322288513184
204,charlatan,8.576970395452099,4,ch_##ar_##lat_##an,-47.513665199279785
205,chart,10.84261551831304,1,chart,-12.16529655456543
206,chased,6.814542897259958,1,chased,-14.166874885559082
207,chauffeur,7.562161631225652,4,ch_##au_##ffe_##ur,-49.02858829498291
208,cheapskate,6.289715570908998,3,cheap_##ska_##te,-37.83610725402832
209,cheerleader,6.525029657843462,2,cheer_##leader,-29.32109260559082
210,chef,9.310366686043308,1,chef,-13.490704536437988
211,chemist,8.952217101765946,1,chemist,-14.61320686340332
212,cherished,6.859614903654202,3,ch_##eri_##shed,-36.91489601135254
213,chief,10.683041760836812,1,chief,-12.759011268615724
214,child,12.02586884470722,1,child,-10.791933059692385
215,chiropractor,6.541029999189903,4,ch_##iro_##pra_##ctor,-50.67818546295166
216,choked,7.315883504509785,1,choked,-13.99044418334961
217,chose,9.65419251248905,1,chose,-12.85689926147461
218,chosen,9.020994200245264,1,chosen,-12.732706069946287
219,churchgoer,6.588926477533519,3,church_##go_##er,-32.09804153442383
220,cinematographer,6.400257445308821,1,cinematographer,-14.77761173248291
221,cited,8.885579291282982,1,cited,-13.156540870666504
222,citizen,10.841344062324843,1,citizen,-14.104145050048828
223,claims,9.953847911875078,1,claims,-13.27175521850586
224,clay,10.206292200258018,1,clay,-13.96255111694336
225,cleaned,6.78332520060396,1,cleaned,-14.09079933166504
226,clergyman,7.2875606403097235,1,clergyman,-14.68099880218506
227,clerk,9.675331459398372,1,clerk,-13.667339324951172
228,closed,9.810878720803466,1,closed,-10.842334747314451
229,clown,9.165656764349542,1,clown,-14.670943260192873
230,coach,9.954180666851649,1,coach,-12.479928970336914
231,cobbler,7.557994958530806,3,co_##bble_##r,-33.18381595611572
232,coddled,6.437751649736401,2,co_##ddled,-30.2279052734375
233,collaborator,8.721765357145012,1,collaborator,-15.343392372131348
234,colonel,8.53817159780143,1,colonel,-14.146770477294922
235,comedian,7.450660796211539,1,comedian,-13.793941497802734
236,comforted,7.173191742486599,2,comfort_##ed,-26.380565643310547
237,commander,9.650528916142733,1,commander,-13.733713150024414
238,commended,7.2254814727822945,1,commended,-14.25981330871582
239,commentator,8.836373930927389,1,commentator,-14.542415618896484
240,communist,8.725832056527565,1,communist,-14.29274845123291
241,company,10.618176044083802,1,company,-11.711363792419434
242,compensated,7.101675971619444,2,compensate_##d,-26.845009803771973
243,competitor,9.360483030405902,1,competitor,-14.62468147277832
244,complaint,9.85513729159508,1,complaint,-14.799556732177734
245,completed,9.574983485564092,1,completed,-11.12573528289795
246,complimented,6.4692503167957724,2,compliment_##ed,-26.841720581054688
247,composer,8.511376306094673,1,composer,-13.675753593444824
248,computer,10.01681623784313,1,computer,-12.578577041625977
249,concealed,7.963807953231451,1,concealed,-13.61459255218506
250,concert,10.232575449046529,1,concert,-12.53444004058838
251,conductor,8.549466751966532,1,conductor,-13.017138481140137
252,confectioner,7.763446388727362,4,con_##fect_##ione_##r,-49.1124792098999
253,confirmed,8.975124239427704,1,confirmed,-12.606172561645508
254,confronted,6.656726524178391,1,confronted,-14.082542419433594
255,confused,8.303752415563412,1,confused,-13.394025802612305
256,congratulated,6.439350371100098,4,con_##gra_##tu_##lated,-50.09262371063232
257,congressman,6.472346294500901,2,congress_##man,-27.700258255004883
258,conned,6.762729506931879,2,con_##ned,-26.38536071777344
259,connoisseur,7.993619994827744,4,con_##no_##isse_##ur,-47.75843334197998
260,conqueror,8.59840444684106,2,conquer_##or,-28.772750854492188
261,conservative,8.889997357284841,1,conservative,-13.792184829711914
262,constable,8.122074375362217,2,con_##stable,-27.990741729736328
263,consulted,8.211754397375197,1,consulted,-14.054609298706056
264,contacted,6.42648845745769,1,contacted,-13.695472717285156
265,contender,8.540714386457584,1,contender,-15.356988906860352
266,contestant,7.180831199044556,1,contestant,-13.759765625
267,contract,11.490127556294224,1,contract,-12.249463081359863
268,contracted,7.8383433155571165,1,contracted,-13.683844566345217
269,contradicted,7.0317412587631285,4,con_##tra_##dict_##ed,-42.515750885009766
270,convalescent,7.579167967396076,3,con_##vale_##scent,-40.56711387634277
271,convict,10.382636733441569,1,convict,-14.111167907714844
272,convinced,7.636269603379373,1,convinced,-12.548962593078612
273,cook,10.46070045585524,1,cook,-12.930183410644531
274,cooked,7.0317412587631285,1,cooked,-14.392576217651367
275,cop,12.48407173888712,1,cop,-13.604534149169922
276,copycat,6.761572768804055,2,copy_##cat,-30.36946964263916
277,corporation,10.641129972982624,1,corporation,-13.228710174560549
278,costumed,6.356107660695892,2,costume_##d,-26.2324275970459
279,couch-potato,0.0,3,couch_-_potato,-26.8709020614624
280,count,13.15798531503375,1,count,-12.814729690551758
281,countess,7.709756864454165,2,count_##ess,-26.35944175720215
282,courier,7.8826922062890254,2,co_##urier,-27.706647872924805
283,courted,6.8001700683022,2,court_##ed,-25.459731101989743
284,cousin,9.282568005973063,1,cousin,-13.107014656066896
285,crackhead,5.484796933490655,2,crack_##head,-26.02061462402344
286,craftsman,7.913521017283895,2,crafts_##man,-28.20894718170166
287,crane,8.883085524404578,1,crane,-13.20323371887207
288,crashed,6.052089168924417,1,crashed,-12.430838584899902
289,created,9.659120364770292,1,created,-12.059259414672852
290,creditor,10.128349626344304,2,credit_##or,-27.997382164001465
291,criminal,10.07483241861645,1,criminal,-13.479059219360352
292,critic,11.1048068393965,1,critic,-13.15721321105957
293,criticized,8.027476530860483,1,criticized,-13.246625900268556
294,crop,10.458090798648009,1,crop,-14.601768493652344
295,crowd,9.76663636978693,1,crowd,-13.05298900604248
296,cryptographer,6.084499413075172,3,cry_##pt_##ographer,-40.71892833709717
297,culprit,7.773173680482536,4,cu_##l_##p_##rit,-42.05478858947754
298,cultivated,7.982074875081202,1,cultivated,-13.832479476928713
299,curator,8.546363568716018,1,curator,-14.523777961730955
300,cure,10.333189885008338,1,cure,-12.6292724609375
301,cushion,8.53346016388011,1,cushion,-13.925803184509276
302,custodian,7.952615111651,3,cu_##sto_##dian,-38.97843265533447
303,customer,9.891465577308802,1,customer,-13.609750747680664
304,cyclist,6.728628613084702,1,cyclist,-13.964695930480955
305,cynic,8.51959031601596,3,c_##yn_##ic,-34.15689182281494
306,dad,10.409069451979065,1,dad,-13.3878812789917
307,damsel,8.29853954537488,2,dams_##el,-29.50059223175049
308,dancer,8.058960017769417,1,dancer,-13.469919204711914
309,dazzled,6.7226297948554485,3,da_##zzle_##d,-33.932806968688965
310,dealer,8.812992231969966,1,dealer,-13.847021102905272
311,dean,9.34984141075374,1,dean,-14.081546783447266
312,deceived,7.665284718471351,2,de_##ceived,-27.71198844909668
313,deceiver,7.59337419312129,3,de_##ceive_##r,-33.50568962097168
314,deckhand,6.642486801367256,2,deck_##hand,-29.98850440979004
315,decorated,6.78897174299217,1,decorated,-13.242130279541016
316,deer,10.369012417071955,1,deer,-13.925474166870115
317,defeated,9.108086137937429,1,defeated,-11.969237327575684
318,defendant,10.225534819164793,1,defendant,-14.48327922821045
319,defended,7.715123603632105,1,defended,-13.343184471130373
320,defender,9.105868350379472,1,defender,-13.476415634155272
321,defied,6.655440350367647,2,def_##ied,-27.01923370361328
322,delivered,8.877939834725023,1,delivered,-12.440950393676758
323,dentist,8.31581113188354,2,den_##tist,-29.42079734802246
324,depicted,6.988413181999592,1,depicted,-13.38713836669922
325,deprecated,6.60934924316738,4,de_##p_##re_##cated,-44.06474924087525
326,dermatologist,6.838405200847344,3,der_##mat_##ologist,-40.99559020996094
327,desk,9.42124938562205,1,desk,-12.38208293914795
328,detective,7.497761700622568,1,detective,-13.4735107421875
329,detested,6.988413181999592,3,de_##test_##ed,-33.21023082733154
330,devastated,6.643789733147672,1,devastated,-14.789873123168944
331,devoured,7.0967213784947605,3,de_##vour_##ed,-33.508381843566895
332,dietitian,6.826545223556594,3,diet_##iti_##an,-40.03690242767334
333,digger,7.897668150726906,2,dig_##ger,-28.34357070922852
334,dinner,9.74665828850311,1,dinner,-12.943187713623049
335,diplomat,9.834887461043872,1,diplomat,-14.670724868774414
336,director,10.267887581025692,1,director,-12.255281448364258
337,disappointed,7.939515260662406,1,disappointed,-13.407912254333496
338,disciplined,6.7912214627261855,2,discipline_##d,-26.05318546295166
339,discouraged,7.832807516524864,1,discouraged,-14.786073684692385
340,discovered,9.288226910633254,1,discovered,-12.25717544555664
341,discredited,7.170888478512505,3,disc_##red_##ited,-40.60062599182129
342,disdained,6.709304340258298,4,di_##s_##dain_##ed,-40.45643091201782
343,disease,11.07652681009214,1,disease,-12.015472412109377
344,disgusted,7.0317412587631285,1,disgusted,-14.77464771270752
345,disillusioned,6.559615237493242,4,di_##si_##llus_##ioned,-54.29766178131104
346,disobeyed,6.663132695990803,4,di_##so_##bey_##ed,-44.38578987121582
347,disparaged,6.461468176353717,4,di_##sp_##ara_##ged,-46.58906555175781
348,displeased,7.190676034332207,4,di_##sp_##lea_##sed,-45.137742042541504
349,dissuaded,6.413458957167357,4,di_##ss_##uad_##ed,-46.67632007598877
350,distributor,8.037543185118697,1,distributor,-14.179522514343262
351,distrusted,6.625392368007956,4,di_##st_##rust_##ed,-41.08278942108154
352,ditch,9.165970424240244,1,ditch,-13.744948387145996
353,ditched,6.432940092739179,2,ditch_##ed,-26.932823181152344
354,diva,10.102502332271744,2,di_##va,-23.48226261138916
355,diver,11.536798229381784,1,diver,-13.132762908935549
356,doctor,10.231603544216687,1,doctor,-12.010748863220217
357,dodged,6.218600119691729,2,do_##dged,-26.76187229156494
358,domestic,10.13915238440401,1,domestic,-13.84609603881836
359,donna,9.073374516903025,2,don_##na,-23.618371963500977
360,donned,6.255750041753367,2,don_##ned,-25.56864356994629
361,donor,9.20029003612268,1,donor,-15.485157012939451
362,door,11.011571509662051,1,door,-10.093548774719238
363,draftsman,7.173958319756794,2,draft_##sman,-28.579998016357425
364,dragged,6.577861357721047,1,dragged,-12.347246170043944
365,dramatist,7.893572073504902,2,drama_##tist,-29.491342544555664
366,drank,7.7458682297922685,1,drank,-14.375865936279297
367,dreaded,7.217443431696533,2,dread_##ed,-27.28346443176269
368,dressmaker,7.171656822768514,2,dress_##maker,-30.11737823486328
369,driven,7.688913336864796,1,driven,-12.48021125793457
370,driver,8.87640491500694,1,driver,-12.047647476196287
371,drove,8.338305731356565,1,drove,-11.666800498962402
372,drummer,7.803026643632217,1,drummer,-13.120331764221191
373,drunk,9.980494888896912,1,drunk,-12.819520950317385
374,duped,6.726233402358747,2,du_##ped,-26.69591808319092
375,dwarf,9.153558357877198,1,dwarf,-14.111942291259766
376,eaten,8.211754397375197,1,eaten,-14.403371810913086
377,economist,8.681350777582521,1,economist,-15.273265838623049
378,edited,7.605392364814935,1,edited,-13.387460708618164
379,editor,10.016191042449211,1,editor,-12.864273071289062
380,elderly,8.420241665339788,1,elderly,-13.766379356384276
381,emailed,5.198497031265826,2,email_##ed,-27.39657592773437
382,embarrassed,7.155396301896734,1,embarrassed,-14.457127571105955
383,embezzler,6.794586580876499,4,em_##be_##zzle_##r,-44.68893337249756
384,embraced,6.921658184151129,1,embraced,-13.66815185546875
385,emissary,6.93537044601511,3,em_##issa_##ry,-36.39127540588379
386,employed,9.863186255762605,1,employed,-13.30730152130127
387,employee,10.477654105612782,1,employee,-13.957464218139648
388,emptied,6.983789965258135,1,emptied,-14.88913345336914
389,emt,8.780326390946605,2,em_##t,-23.97000026702881
390,emulated,6.329720905522696,2,em_##ulated,-30.147293090820312
391,enchanted,7.254884810077338,2,en_##chanted,-29.700160026550293
392,encouraged,8.293049139768444,1,encouraged,-13.081645965576172
393,engrossed,6.899723107284872,3,en_##gro_##ssed,-42.53776454925537
394,entertained,7.737616282857904,1,entertained,-15.234760284423828
395,entertainer,7.581209826196346,2,entertain_##er,-26.53263759613037
396,enthusiast,8.899730794880696,4,en_##thus_##ias_##t,-46.42246341705322
397,entomologist,7.234177179749849,3,en_##tom_##ologist,-39.7411699295044
398,entrepreneur,8.663023639627777,1,entrepreneur,-14.819374084472656
399,envelope,8.310414994188292,1,envelope,-12.94151496887207
400,envied,6.965080345601407,2,en_##vied,-29.01284694671631
401,environmentalist,6.943122422819428,2,environmental_##ist,-27.633140563964844
402,envoy,9.774005094757891,2,en_##voy,-27.41158771514893
403,erased,6.682108597449809,1,erased,-13.863137245178224
404,established,10.27512007210784,1,established,-11.566572189331056
405,estate,10.61956970437857,1,estate,-13.245794296264648
406,esteemed,7.515344571180436,2,esteem_##ed,-27.47642707824707
407,evangelist,8.713910628493924,3,e_##van_##gelist,-38.018656730651855
408,evicted,6.628041376179533,2,e_##victed,-27.17117118835449
409,ex-wife,0.0,3,ex_-_wife,-9.856799125671388
410,examined,9.07015834137632,1,examined,-12.61948585510254
411,excavator,7.273092595999522,4,ex_##ca_##vat_##or,-44.847612380981445
412,executive,9.390409393716844,1,executive,-13.616844177246094
413,exiled,7.253470382684528,1,exiled,-14.078744888305664
414,exited,6.386879319362645,1,exited,-13.539140701293944
415,exorcist,7.688913336864796,3,ex_##or_##cist,-37.128600120544434
416,expelled,7.659171367666058,1,expelled,-13.22219467163086
417,experimenter,7.761319180947987,2,experiment_##er,-26.233210563659668
418,expert,10.18930538837816,1,expert,-13.358258247375488
419,expression,10.319067994385383,1,expression,-12.282258987426758
420,exterminator,7.303843225277705,4,ex_##ter_##mina_##tor,-46.07833385467529
421,extolled,6.738152494595957,3,ex_##to_##lled,-36.641106605529785
422,extortionist,6.70808408385307,4,ex_##tor_##tion_##ist,-44.20672607421875
423,failed,9.677402178300998,1,failed,-11.371122360229492
424,fairy,9.09963224999176,1,fairy,-14.234296798706056
425,fan,12.314029787035269,1,fan,-12.985736846923828
426,farmed,6.80903930604298,2,farm_##ed,-26.627026557922363
427,farmer,10.001067880874992,1,farmer,-14.700040817260742
428,father,10.9642768174945,1,father,-12.287884712219238
429,faucet,7.515889085215125,4,f_##au_##ce_##t,-40.11493873596192
430,favored,8.16223106548118,1,favored,-15.297310829162598
431,feared,7.96311205897929,1,feared,-13.346792221069336
432,fed,11.040903800861177,1,fed,-13.79685878753662
433,fedora,6.86171134048073,2,fed_##ora,-29.092872619628903
434,felled,6.616065185132817,2,fell_##ed,-25.136615753173828
435,felon,9.514215624322716,3,f_##elo_##n,-34.039984703063965
436,fieldworker,6.35088571671474,3,field_##work_##er,-31.836485862731934
437,fighter,8.239065331769268,1,fighter,-13.291019439697266
438,filed,9.21602418844448,1,filed,-12.865821838378906
439,filet,8.51959031601596,2,file_##t,-24.72268581390381
440,filmmaker,6.418364935936212,1,filmmaker,-14.717891693115234
441,financier,8.440312147080279,3,fin_##an_##cier,-40.73552227020264
442,finished,8.68929604801586,1,finished,-11.522775650024414
443,fired,8.939843124278502,1,fired,-12.889068603515623
444,firefighter,6.598509028614515,2,fire_##fighter,-27.943751335144043
445,first,11.337357054268905,1,first,-9.89681625366211
446,fisherman,7.530479995245536,2,fish_##erman,-27.03630256652832
447,fixed,9.763190466997406,1,fixed,-12.373241424560549
448,flag,11.299608474473754,1,flag,-13.610847473144531
449,flattered,6.954638864880987,2,flat_##tered,-28.86769962310791
450,flight-attendant,0.0,3,flight_-_attendant,-20.805878162384037
451,flora,9.15324077993561,1,flora,-14.631829261779783
452,florist,8.00469951054955,3,fl_##oris_##t,-36.35093307495117
453,flustered,6.742880635791903,2,flu_##stered,-32.99413108825684
454,fool,10.481111641840537,1,fool,-12.626596450805664
455,fooled,6.472346294500901,2,fool_##ed,-25.914953231811523
456,football,8.186742787113518,1,football,-12.32814598083496
457,foreigner,9.147932911847564,2,foreign_##er,-24.12050437927246
458,foreman,8.010027528481734,2,fore_##man,-25.77547645568848
459,forger,9.100971834920818,2,forge_##r,-25.991162300109863
460,forgot,9.615405400063008,1,forgot,-13.340786933898926
461,forgotten,9.11690842718363,1,forgotten,-13.14409637451172
462,form,12.96814402855274,1,form,-9.99618911743164
463,fortune-teller,0.0,4,fortune_-_tell_##er,-17.214688301086426
464,found,11.55943684420419,1,found,-10.634048461914062
465,frenchman,6.008813185442595,3,f_##rench_##man,-33.9271821975708
466,freshman,7.427738840532894,1,freshman,-13.638482093811035
467,friend,11.226109683846405,1,friend,-11.609468460083008
468,frightened,7.608374474380783,1,frightened,-14.361785888671877
469,fund,11.729028288428134,1,fund,-12.6703462600708
470,funded,6.729824070489475,1,funded,-13.977999687194824
471,funeral,9.224736252259914,1,funeral,-13.37392807006836
472,game,10.844509920629466,1,game,-10.544244766235352
473,gangster,7.804251383528112,1,gangster,-14.67620849609375
474,garbled,6.52649485957079,3,g_##ar_##bled,-36.30765724182129
475,gardener,7.540090320145325,2,garden_##er,-24.567832946777344
476,gave,9.417842227300437,1,gave,-10.442206382751465
477,general,11.588181349448996,1,general,-11.668659210205078
478,geneticist,6.529418838262226,2,genetic_##ist,-28.07115173339844
479,genius,9.06566136060674,1,genius,-13.288800239562988
480,geologist,7.509883061154913,1,geologist,-14.091527938842772
481,ghost,9.846758458290038,1,ghost,-12.901870727539062
482,giraffe,7.494430215031565,3,g_##ira_##ffe,-36.79649639129639
483,girl,10.632098397371642,1,girl,-11.932223320007324
484,girlfriend,6.493753839851686,1,girlfriend,-12.73167610168457
485,given,10.337669684741789,1,given,-11.273173332214355
486,gnome,7.792348924113037,3,g_##no_##me,-31.01950168609619
487,go-between,0.0,3,go_-_between,-19.29960060119629
488,goaded,6.52649485957079,2,go_##aded,-28.864110946655277
489,goalkeeper,6.455198563340122,1,goalkeeper,-13.763378143310549
490,gold,11.570458253167796,1,gold,-11.590291023254396
491,governed,8.04012466444838,1,governed,-15.115757942199709
492,governess,8.008698182988528,2,govern_##ess,-27.89620876312256
493,governor,9.949034367492098,1,governor,-13.216107368469238
494,grain,10.346055748595797,1,grain,-13.83342170715332
495,graph,10.630117863912622,1,graph,-13.840227127075195
496,greeted,6.212606095751519,1,greeted,-14.356178283691406
497,grilled,6.582025138892826,3,g_##rille_##d,-33.61403560638428
498,grocer,8.674025985443025,3,g_##ro_##cer,-32.66955089569092
499,groundskeeper,5.973809611869261,2,grounds_##keeper,-27.73331356048584
500,groupie,6.2766434893416445,2,group_##ie,-24.87518787384033
501,guaranteed,7.788211557847076,1,guaranteed,-13.520105361938477
502,guarantor,7.270312886079025,4,g_##ua_##rant_##or,-48.14698028564453
503,guard,11.076217337122133,1,guard,-12.207179069519045
504,guest,9.7743465082129,1,guest,-11.367971420288086
505,guide,10.251076342113604,1,guide,-13.03203010559082
506,gun,11.561077330232154,1,gun,-12.551130294799805
507,gunsmith,7.480992162869525,2,guns_##mith,-30.65700054168701
508,gymnast,8.588210678651517,2,gym_##nast,-30.466842651367188
509,hacker,7.29776828253138,2,ha_##cker,-26.492003440856934
510,hailed,6.2324480165505225,1,hailed,-14.600183486938477
511,hairdresser,7.224753405767971,3,hair_##dress_##er,-33.78333377838135
512,hairstylist,5.905361848054571,3,hairs_##ty_##list,-39.37024402618408
513,handcuffed,6.529418838262226,3,hand_##cu_##ffed,-34.82735729217529
514,handyman,6.361302477572996,2,handy_##man,-27.670446395874023
515,harassed,7.024649030453636,2,ha_##rassed,-26.36865901947021
516,hassled,5.198497031265826,3,has_##sle_##d,-30.851953983306885
517,hated,7.370860166536716,1,hated,-13.41144561767578
518,hatter,8.263332667439967,2,hat_##ter,-27.475696563720703
519,head,12.06863075974118,1,head,-10.052895545959473
520,headmaster,7.277938572945661,1,headmaster,-14.822296142578123
521,hedonist,7.443078374348516,3,he_##don_##ist,-32.341179847717285
522,heir,10.37452190040887,1,heir,-13.551071166992188
523,helped,7.29641326877392,1,helped,-11.984968185424805
524,helper,8.19946419761216,2,help_##er,-22.773951530456543
525,hero,11.10339209268611,1,hero,-13.752389907836914
526,hid,11.038801358204804,1,hid,-13.5524263381958
527,hidden,8.413387022690648,1,hidden,-12.52468490600586
528,hijacker,6.285998094508865,3,hi_##jack_##er,-32.52932357788086
529,hired,7.951911381854188,1,hired,-12.831792831420898
530,historian,9.516427036104067,1,historian,-13.658668518066406
531,hit,11.428303957239482,1,hit,-11.272690773010254
532,hitter,8.165932137321585,1,hitter,-14.365665435791016
533,hoarder,6.80128303447162,3,ho_##ard_##er,-32.10554122924805
534,hockey,7.536363938404511,1,hockey,-13.335105895996094
535,hoisted,6.570882962339584,2,ho_##isted,-25.960180282592773
536,homeless,7.788626065625031,1,homeless,-13.287750244140623
537,hoodlum,7.077498053569231,2,hood_##lum,-27.51458072662353
538,hooligan,7.236339342754344,3,ho_##oli_##gan,-38.46125316619873
539,hostage,8.184513753033722,1,hostage,-14.53151512145996
540,hounded,6.655440350367647,3,ho_##und_##ed,-34.471903800964355
541,house,11.98804100610214,1,house,-11.252744674682615
542,hugged,6.513230110912307,1,hugged,-13.416315078735352
543,humorist,8.330381569349418,2,humor_##ist,-27.44058132171631
544,hung,10.4204940353772,1,hung,-12.115257263183594
545,hunter,8.720950028930258,1,hunter,-14.16481113433838
546,huntsman,7.324489979348532,2,hunt_##sman,-29.199620246887207
547,hypnotized,6.543911845564792,5,h_##y_##p_##not_##ized,-53.14448928833008
548,hypochondriac,8.146709052203319,7,h_##y_##po_##cho_##nd_##ria_##c,-70.51827430725098
549,identified,9.36657459400682,1,identified,-12.50989055633545
550,idiot,9.597030324758013,1,idiot,-12.978200912475586
551,illness,9.653614941479894,1,illness,-12.59809398651123
552,imitated,6.983789965258135,2,im_##itated,-31.665084838867188
553,imitator,8.29054350077274,3,im_##ita_##tor,-38.53544902801514
554,immigrant,9.25674674479034,1,immigrant,-14.897727012634276
555,impersonator,6.688354713946762,3,imp_##erson_##ator,-41.49184894561768
556,impressed,7.291656209174461,1,impressed,-13.002458572387695
557,industrialist,7.206377291472252,1,industrialist,-15.224702835083008
558,infant,10.849006935070411,1,infant,-14.869071006774902
559,infantryman,6.304448802421981,2,infantry_##man,-27.45829963684082
560,inherited,7.436027816351848,1,inherited,-14.821855545043944
561,initialed,6.375024819828097,2,initial_##ed,-26.527677536010746
562,inmate,8.602453035367061,2,in_##mate,-24.32347583770752
563,innovator,7.492203042618741,3,inn_##ova_##tor,-38.42960071563721
564,inspected,6.561030665896573,1,inspected,-14.63523769378662
565,inspector,8.617762246337932,1,inspector,-14.391763687133787
566,instructed,7.1846291527173145,1,instructed,-13.667222023010254
567,instructor,8.514188682395938,1,instructor,-14.302763938903809
568,instrumentalist,7.193685818395112,2,instrumental_##ist,-27.77823257446289
569,insulted,7.072421900537371,1,insulted,-14.684684753417969
570,insurgent,8.46884293047519,3,ins_##urge_##nt,-37.52120399475098
571,intermediary,7.358830898342354,3,inter_##media_##ry,-35.369197845458984
572,intern,11.351641067242074,2,inter_##n,-22.79317855834961
573,interpreter,8.414274137408396,1,interpreter,-14.606121063232422
574,interrogated,6.923628628138427,3,inter_##rogate_##d,-35.26013946533203
575,interviewee,6.610696044717759,2,interview_##ee,-25.847237586975098
576,interviewer,7.528331766707247,2,interview_##er,-24.36263370513916
577,intrigued,6.439350371100098,1,intrigued,-15.029708862304688
578,introduced,9.205126804923296,1,introduced,-11.77861785888672
579,intruder,7.758760544157663,2,in_##truder,-23.58724308013916
580,invader,8.669055540725484,2,invade_##r,-26.185351371765137
581,inventor,9.611931318535747,1,inventor,-14.751628875732422
582,investigator,9.6071010394542,1,investigator,-14.510563850402832
583,investor,9.042276686928927,1,investor,-15.149813652038574
584,invoiced,6.376726947898627,4,in_##vo_##ice_##d,-40.44981575012207
585,irked,6.289715570908998,2,i_##rked,-25.81894874572754
586,ironed,6.525029657843462,2,iron_##ed,-26.281089782714844
587,irritated,7.124478262493424,1,irritated,-15.01677131652832
588,itinerary,7.138866999945524,3,it_##iner_##ary,-35.33569431304932
589,jail,9.992276515350188,1,jail,-12.488532066345217
590,jam,10.9598706069865,1,jam,-15.153974533081056
591,janitor,8.053251153549096,3,j_##ani_##tor,-37.59880065917969
592,jester,7.579167967396076,2,j_##ester,-25.80711460113525
593,jet,10.746131744241984,1,jet,-14.187788009643556
594,jock,9.202207388745991,2,j_##ock,-25.31477832794189
595,joker,7.4815557019095165,2,joke_##r,-25.07864761352539
596,journalist,8.554488976159934,1,journalist,-13.945374488830566
597,judge,10.60042753133477,1,judge,-12.700047492980955
598,jury,10.141204395699798,1,jury,-14.210834503173828
599,key,10.919840790366807,1,key,-12.248432159423828
600,kid,10.735396175137648,1,kid,-12.482426643371582
601,kidnapped,6.111467339502679,1,kidnapped,-14.10941219329834
602,killed,9.716434821366272,1,killed,-12.049675941467283
603,king,11.506696102718887,1,king,-11.815836906433104
604,kissed,6.60934924316738,1,kissed,-12.50390338897705
605,lab,12.652100514560468,1,lab,-13.906083106994627
606,lad,11.648862711206654,1,lad,-13.293340682983398
607,lady,10.154285180632154,1,lady,-12.763571739196776
608,landlady,7.53955882930103,3,land_##lad_##y,-32.76834774017334
609,landscaper,6.336825731146441,2,landscape_##r,-24.852954864501957
610,laptop,5.963579343618446,1,laptop,-13.929277420043944
611,lauded,6.517671272912275,2,laude_##d,-27.07510471343994
612,lawyer,9.773606631681607,1,lawyer,-12.893180847167969
613,leader,10.891428954153636,1,leader,-12.394380569458008
614,lecturer,8.193953023563742,1,lecturer,-13.49746322631836
615,left,10.879988702809266,1,left,-10.03748893737793
616,legislator,8.706655856361559,3,leg_##is_##lator,-39.29908561706543
617,letter,11.216256464110744,1,letter,-12.153853416442873
618,liar,9.99488098096534,1,liar,-13.434701919555664
619,librarian,8.367532416861831,1,librarian,-14.862695693969728
620,lieutenant,9.06773940337716,1,lieutenant,-13.301225662231444
621,lifted,7.490529402060711,1,lifted,-12.693954467773438
622,light,11.91024414754258,1,light,-11.146212577819824
623,linebacker,6.2878585601617845,1,linebacker,-14.219156265258787
624,lion,10.44380401506915,1,lion,-13.5347261428833
625,liquor,9.546812608597396,1,liquor,-14.883381843566896
626,litigator,7.447751280047908,3,lit_##iga_##tor,-41.41487503051758
627,loaded,7.332369205929062,1,loaded,-13.326704025268556
628,loathed,6.698268054115413,2,lo_##athed,-29.345542907714844
629,located,9.198773735604718,1,located,-11.59571647644043
630,logger,8.191740021277457,2,log_##ger,-28.548624992370605
631,loner,7.775695749915245,2,lone_##r,-25.475295066833496
632,lord,10.683637776717648,1,lord,-13.674972534179688
633,lost,10.366907053904848,1,lost,-10.883830070495604
634,loudmouth,7.029972911706386,2,loud_##mouth,-28.7843656539917
635,loved,9.017604776833355,1,loved,-12.664718627929688
636,loyalist,7.646831391430482,2,loyal_##ist,-27.418983459472656
637,luggage,7.666221925662725,1,luggage,-14.801217079162598
638,lunatic,8.556221578383715,3,l_##una_##tic,-36.66494560241699
639,lyricist,6.673297967767654,1,lyricist,-14.63028621673584
640,made,11.388495386592052,1,made,-9.569127082824709
641,maestro,7.866722285136729,3,ma_##est_##ro,-34.33712196350098
642,magician,8.033009498596668,1,magician,-14.039011001586914
643,maid,10.248813337717966,1,maid,-13.717370986938477
644,maiden,9.422139821589736,1,maiden,-14.034860610961914
645,mailman,6.42648845745769,2,mail_##man,-27.135205268859863
646,main,11.876839145920158,1,main,-11.39238452911377
647,man,14.094973193201827,1,man,-10.615099906921388
648,manager,9.830325286907144,1,manager,-12.782093048095703
649,maneuvered,5.963579343618446,2,maneuver_##ed,-27.625375747680664
650,maniac,8.14902386805177,2,man_##iac,-25.764493942260746
651,manicurist,6.398594934535208,4,man_##ic_##uri_##st,-44.74760150909424
652,manservant,6.912742820493176,3,man_##ser_##vant,-37.95499420166016
653,manufacturer,9.474549088242322,1,manufacturer,-14.097394943237305
654,manuscript,9.785604511879413,1,manuscript,-13.614360809326172
655,mapmaker,6.473890696352274,2,map_##maker,-29.932876586914062
656,marauder,7.113956109566034,4,ma_##ra_##ude_##r,-44.82380104064941
657,marcher,8.099857910737585,2,march_##er,-26.058238983154297
658,marine,9.184612223403452,1,marine,-13.408098220825195
659,mariner,8.511376306094673,2,marine_##r,-25.60094738006592
660,marketer,6.472346294500901,2,market_##er,-23.57155418395996
661,marmalade,7.578145472419466,3,ma_##rmal_##ade,-40.07415580749512
662,married,9.384209641955154,1,married,-11.070903778076172
663,mason,9.228671328660909,2,ma_##son,-26.314894676208496
664,masseuse,6.573680166960646,3,mass_##eus_##e,-34.79920291900635
665,master,11.14348365603872,1,master,-12.913694381713867
666,mathematician,7.948031990637284,1,mathematician,-13.871566772460938
667,mauled,6.385194398997726,3,ma_##ule_##d,-35.32513236999512
668,meat-eater,0.0,4,meat_-_eat_##er,-23.41331577301025
669,meatpacker,6.222576268071369,3,meat_##pack_##er,-34.560866355896
670,mechanic,9.916897239446046,1,mechanic,-14.244340896606444
671,medalist,7.060476365999801,1,medalist,-14.257527351379396
672,mediator,8.499640032168648,2,media_##tor,-27.69280815124512
673,medic,11.482703342780642,2,me_##dic,-24.40560245513916
674,medicine,9.857024678125788,1,medicine,-12.653481483459473
675,memento,8.131236549696116,2,me_##mento,-24.724459648132324
676,memorized,6.6240652277998935,3,me_##mor_##ized,-33.98229503631592
677,menaced,6.802394763324311,3,men_##ace_##d,-33.74549388885498
678,mentioned,9.818746324081037,1,mentioned,-12.29054832458496
679,mentor,8.460834457746854,1,mentor,-13.90732765197754
680,mercenary,7.24850407237061,1,mercenary,-15.696247100830078
681,merchant,10.109281465515226,1,merchant,-13.54079818725586
682,mesmerized,6.440946540632921,4,me_##sm_##eri_##zed,-44.884108543396
683,message,9.939144229744162,1,message,-12.75942325592041
684,messenger,8.425954710981966,1,messenger,-13.748611450195312
685,meteorologist,6.9930151229329605,3,met_##eor_##ologist,-40.92616939544678
686,milkman,6.516193076042964,2,milk_##man,-26.622455596923828
687,miller,8.461469042643875,2,mill_##er,-24.751120567321777
688,milliner,8.044305406990638,2,mill_##iner,-30.801856994628903
689,minister,10.596059567720175,1,minister,-12.95095157623291
690,minuteman,5.8805329864007,2,minute_##man,-24.927464485168457
691,miscreant,7.382746449738912,4,mi_##s_##cre_##ant,-41.032021045684814
692,miser,11.381038433927571,2,mi_##ser,-25.20263385772705
693,misinformed,6.669498089857879,3,mi_##sin_##formed,-39.04668140411377
694,misled,7.370860166536716,3,mi_##sle_##d,-33.01164627075195
695,misplaced,6.6293632534374485,3,mi_##sp_##laced,-38.32797908782959
696,mispronounced,6.335054251498059,4,mi_##sp_##ron_##ounced,-47.46641159057617
697,mission,10.887810694802113,1,mission,-13.545268058776855
698,missionary,8.382518288089635,1,missionary,-13.715181350708008
699,mocked,6.879355804460439,1,mocked,-14.08725643157959
700,mogul,7.2115567333138015,3,m_##og_##ul,-34.228572845458984
701,molded,7.030857476116121,2,mold_##ed,-27.75635528564453
702,monarch,10.40710727605179,1,monarch,-14.74559211730957
703,money,11.14158638334139,1,money,-11.707033157348633
704,mortician,6.720220155135295,4,m_##ort_##ici_##an,-47.25435018539429
705,mortified,7.155396301896734,3,m_##ort_##ified,-37.31910705566406
706,mother,11.09895428256812,1,mother,-12.12649154663086
707,movie,9.26738211234338,1,movie,-12.606368064880373
708,musician,8.565983355585669,1,musician,-13.517169952392578
709,mystified,6.79794041297493,3,my_##st_##ified,-34.671701431274414
710,nagged,6.255750041753367,2,na_##gged,-29.15495109558105
711,named,9.066700921774572,1,named,-11.292436599731444
712,nanny,7.560601162768557,2,na_##nny,-28.310890197753903
713,necklace,7.797291273547472,1,necklace,-13.816425323486328
714,negotiator,8.026496938945412,3,ne_##got_##iator,-41.6839485168457
715,neighbor,10.545972818293846,1,neighbor,-14.483686447143556
716,neurologist,7.085064293952548,3,ne_##uro_##logist,-39.37907409667969
717,neuroscientist,6.061456918928017,6,ne_##uro_##s_##cie_##nti_##st,-65.0074520111084
718,newborn,7.709308333385869,1,newborn,-14.199089050292969
719,newcomer,7.8636512654486515,1,newcomer,-14.980350494384766
720,newsagent,6.415096959171596,3,news_##age_##nt,-35.119486808776855
721,niece,8.168486417126681,1,niece,-13.55648136138916
722,noble,10.182141493777904,1,noble,-14.694887161254885
723,nobleman,7.781973234434385,1,nobleman,-15.648996353149414
724,nomad,8.812396905266864,2,no_##mad,-26.97734308242798
725,nominee,7.714231144849085,1,nominee,-13.452486038208008
726,noticed,8.388222810119277,1,noticed,-12.568909645080566
727,novel,10.790823099954862,1,novel,-12.43486499786377
728,novice,8.034955024502159,2,no_##vice,-26.859293460845947
729,nun,11.504288271574564,1,nun,-13.289566040039062
730,nurse,10.093198407761935,1,nurse,-12.61305332183838
731,nutritionist,6.582025138892826,2,nutrition_##ist,-27.79974842071533
732,obeyed,8.238536930171769,1,obeyed,-14.033788681030272
733,octopus,7.68937110752969,3,o_##ct_##opus,-34.77866268157959
734,offended,7.841885928984623,1,offended,-14.232430458068848
735,offender,9.638935897473202,2,off_##ender,-25.05539321899414
736,offer,11.260803567916998,1,offer,-11.96826457977295
737,ogre,8.633374945705647,2,og_##re,-26.131632804870605
738,old,11.324823232217248,1,old,-10.806880950927734
739,olympian,6.261491684321042,4,o_##ly_##mp_##ian,-44.72094631195069
740,operative,8.77307495131822,1,operative,-13.168140411376951
741,operator,9.330963814299922,1,operator,-13.747631072998049
742,opponent,9.484253080341963,1,opponent,-13.968910217285156
743,oracle,8.599510233905452,2,or_##acle,-25.18594741821289
744,order,11.505679274631255,1,order,-10.74343204498291
745,orderly,7.340186835320115,1,orderly,-15.134082794189451
746,organized,9.008713664124222,1,organized,-12.744153022766112
747,organizer,7.762170607138205,1,organizer,-14.936220169067385
748,ornament,9.933531673884504,3,or_##name_##nt,-31.83519220352173
749,orphan,9.348013177101256,1,orphan,-14.518142700195312
750,orthodontist,6.300785794663244,5,or_##th_##od_##ont_##ist,-58.58304166793823
751,ousted,6.548219102762372,2,ou_##sted,-29.470539093017575
752,outraged,6.765038976780541,2,outrage_##d,-26.33397102355957
753,outsider,8.498621805830801,1,outsider,-14.37251091003418
754,overheard,7.636269603379373,1,overheard,-15.653343200683594
755,overseer,8.43076346341785,2,oversee_##r,-26.671774864196777
756,overwhelmed,7.044905117129371,1,overwhelmed,-14.646796226501465
757,owner,10.919750308187211,1,owner,-13.308856964111328
758,pacifist,7.556427969440253,4,p_##ac_##if_##ist,-47.312392234802246
759,package,8.896861744480391,1,package,-12.298471450805664
760,packed,7.305860032684009,1,packed,-14.296076774597168
761,packrat,6.289715570908998,2,pack_##rat,-28.02747344970703
762,page,10.732912351388622,1,page,-12.320728302001951
763,paid,10.387702224875827,1,paid,-11.697776794433594
764,painter,8.823647949191303,1,painter,-12.818177223205566
765,painting,9.599133945796376,1,painting,-12.57231330871582
766,pair,10.248034245674877,1,pair,-13.075325012207031
767,pampered,6.670766320845874,3,p_##amp_##ered,-34.04924440383911
768,panelist,6.023447592961033,2,panel_##ist,-27.20566940307617
769,paparazzi,5.817111159963204,4,p_##apa_##raz_##zi,-53.88002109527588
770,paper,11.275416726651242,1,paper,-12.632757186889648
771,paramedic,6.620073206530356,3,para_##med_##ic,-37.741506576538086
772,pardoned,7.317876198626496,2,pardon_##ed,-27.61382484436035
773,parent,11.185462522506604,1,parent,-13.652792930603027
774,parishioner,7.7406644019172415,3,parish_##ione_##r,-38.96939086914063
775,participant,9.34233308143468,1,participant,-15.04195785522461
776,partner,10.602964656790943,1,partner,-13.560976028442385
777,password,7.698936199813447,1,password,-13.657405853271484
778,pastor,10.29630636560997,1,pastor,-13.97833251953125
779,pathologist,7.282073658093465,2,path_##ologist,-29.207557678222656
780,patient,11.11489266867936,1,patient,-12.307673454284668
781,patriot,9.922554615253354,2,pat_##riot,-32.63581657409668
782,patrolman,5.726847747587197,2,patrol_##man,-26.64234733581543
783,patron,10.64444823000508,1,patron,-13.403385162353516
784,peddler,7.4815557019095165,3,p_##edd_##ler,-35.9828667640686
785,peeved,6.095824562432225,3,p_##ee_##ved,-33.00812292098999
786,percussionist,6.318968113746434,2,percussion_##ist,-26.26641082763672
787,performer,8.007700012884026,1,performer,-13.427034378051758
788,person,12.264935716726947,1,person,-11.887659072875977
789,personal,10.844685508116385,1,personal,-12.15617847442627
790,persuaded,6.78897174299217,1,persuaded,-13.152341842651367
791,pessimist,8.057694194815587,4,p_##ess_##im_##ist,-43.50646877288818
792,pestered,6.698268054115413,3,p_##ester_##ed,-33.28592157363892
793,petrified,6.778784897685177,2,pet_##rified,-29.657763481140137
794,pharmacist,7.176254532017144,4,p_##har_##ma_##cist,-48.18965530395508
795,philosopher,9.610323816515107,1,philosopher,-14.550429344177246
796,phoned,5.683579767338681,2,phone_##d,-24.403156280517575
797,photograph,9.905784911584812,1,photograph,-13.363751411437988
798,photographer,7.61085279039525,1,photographer,-12.670169830322266
799,physicist,7.459914766241105,1,physicist,-13.854089736938477
800,picture,10.566407457475975,1,picture,-12.18510627746582
801,pill,10.890497664622936,1,pill,-14.131858825683594
802,pilot,9.60481193860948,1,pilot,-13.37358283996582
803,pine,10.604057118911712,1,pine,-13.206355094909668
804,pipe,10.854063762376834,1,pipe,-14.56843376159668
805,pitcher,8.24564690087386,1,pitcher,-13.426891326904297
806,pixie,7.238496840894365,3,p_##ix_##ie,-33.698965549468994
807,placated,6.255750041753367,3,p_##la_##cated,-35.142627239227295
808,placed,8.589327789175437,1,placed,-11.868368148803713
809,plagiarist,7.154615356913663,4,p_##lag_##iar_##ist,-51.493977546691895
810,plaintiff,9.9493209688793,1,plaintiff,-14.603450775146484
811,planner,7.518607216815252,2,plan_##ner,-26.79165267944336
812,plant,11.699297142275542,1,plant,-12.075357437133787
813,playboy,6.855408798609928,2,play_##boy,-26.41287612915039
814,player,9.14889040965996,1,player,-11.479211807250977
815,playwright,7.64826303090192,1,playwright,-15.204036712646484
816,plumber,7.687538766201629,2,p_##lumber,-25.83053207397461
817,poem,10.282848218558184,1,poem,-13.093451499938965
818,poet,11.495565651573177,1,poet,-13.49685287475586
819,poker,8.309676895987726,1,poker,-14.087494850158691
820,police,10.149096848566002,1,police,-11.57395076751709
821,policeman,7.23561914106675,1,policeman,-14.306378364562988
822,policewoman,5.971261839790462,2,police_##woman,-26.678447723388672
823,politician,9.02653771890043,1,politician,-12.96996784210205
824,pollster,6.35088571671474,2,polls_##ter,-29.21654891967773
825,pop,12.504449820928471,1,pop,-12.616277694702148
826,portrayed,6.779921907472252,1,portrayed,-12.970354080200195
827,posed,7.529406457837013,1,posed,-14.372675895690918
828,postal,8.308199063206446,1,postal,-15.006948471069336
829,postman,7.4318919168078,2,post_##man,-25.53843116760254
830,potter,9.235423152343646,2,pot_##ter,-27.683935165405277
831,praised,7.362645270417825,1,praised,-12.94678783416748
832,prankster,6.54534966033442,3,p_##rank_##ster,-34.90382432937622
833,preacher,8.896451207355227,1,preacher,-13.775022506713867
834,prejudiced,7.492760300922379,2,prejudice_##d,-26.480995178222656
835,prepared,9.338293736286644,1,prepared,-12.295703887939451
836,presented,9.392411897514927,1,presented,-12.673710823059082
837,president,10.209169157096309,1,president,-12.14487361907959
838,president's,4.672828834461906,3,president_'_s,-15.093487739562988
839,pressed,7.742835955430749,1,pressed,-12.31879425048828
840,priest,10.612212763059391,1,priest,-12.573176383972168
841,prima,10.98781496309287,2,p_##rima,-25.95375633239746
842,principal,10.431229288678432,1,principal,-12.892328262329102
843,prison,10.922226563621058,1,prison,-11.599875450134276
844,prisoner,9.9167985665958,1,prisoner,-13.543975830078123
845,prize,9.632138041371906,1,prize,-13.03927993774414
846,prodigy,7.163946684342547,3,pro_##di_##gy,-36.74559307098389
847,producer,9.543521484499182,1,producer,-12.5177001953125
848,professional,9.664532150174582,1,professional,-12.254925727844238
849,professor,9.619797501353885,1,professor,-13.045513153076172
850,profit,11.167190461069833,1,profit,-13.961973190307615
851,program,11.28115732861339,1,program,-12.084668159484863
852,programmer,7.120444372392488,1,programmer,-14.949070930480955
853,project,10.995511519127382,1,project,-11.915849685668944
854,promised,8.463581421967588,1,promised,-11.35580348968506
855,promoted,7.764296006450518,1,promoted,-12.435983657836914
856,proofreader,6.710523109452428,3,proof_##read_##er,-35.07278919219971
857,property,10.98849099279632,1,property,-12.910970687866213
858,prostitute,8.633196867172543,1,prostitute,-14.018352508544922
859,protagonist,8.200562797008564,1,protagonist,-14.90331745147705
860,protected,8.99255742690407,1,protected,-12.968616485595703
861,protestor,6.899723107284872,2,protest_##or,-27.72344207763672
862,provided,9.5642314445383,1,provided,-11.90611171722412
863,provoked,6.992096427415888,1,provoked,-14.267894744873049
864,provost,8.266164436612492,3,pro_##vos_##t,-34.07710075378418
865,psychiatrist,7.496097345175956,1,psychiatrist,-13.927417755126951
866,psychic,8.243282523048375,1,psychic,-13.862104415893556
867,psychologist,8.17188200612782,1,psychologist,-14.631014823913574
868,pulled,7.285506548522785,1,pulled,-10.986981391906738
869,pullover,6.669498089857879,2,pull_##over,-27.3718376159668
870,punched,7.428333194190806,1,punched,-13.423540115356444
871,purchased,8.431417414394833,1,purchased,-12.894429206848145
872,pursued,8.354674261918463,1,pursued,-13.122444152832031
873,pushed,6.889591308354466,1,pushed,-12.223641395568848
874,puzzled,7.161622002939187,1,puzzled,-14.195051193237305
875,pyromaniac,6.612041034833092,4,p_##yr_##oman_##iac,-47.67710304260254
876,quack,8.938137870372788,3,q_##ua_##ck,-34.94931125640869
877,quarterback,7.55171221535131,1,quarterback,-14.239913940429688
878,question,11.42720416456475,1,question,-11.707119941711426
879,questioned,8.879193928110318,1,questioned,-13.691251754760742
880,quieted,6.418364935936212,2,quiet_##ed,-25.722522735595703
881,quoted,8.423321975806166,1,quoted,-13.710240364074709
882,rabble-rouser,0.0,7,r_##ab_##ble_-_r_##ouse_##r,-56.23410987854004
883,raider,6.871091294610546,2,raid_##er,-25.54753589630127
884,raised,9.308555419473135,1,raised,-13.088022232055664
885,ran,12.634202294821293,1,ran,-12.010342597961426
886,rancher,8.747510946478448,2,ranch_##er,-25.67913246154785
887,rated,7.502738210754851,1,rated,-13.36212158203125
888,reached,9.406729185981574,1,reached,-10.70787525177002
889,reassured,6.35088571671474,2,reassure_##d,-26.943442344665527
890,rebel,10.710454369295531,1,rebel,-14.0343656539917
891,rebuked,6.735780014242327,3,re_##bu_##ked,-34.5841703414917
892,received,10.02857716337495,1,received,-10.414430618286133
893,receptionist,6.637258031284457,2,reception_##ist,-27.527921676635746
894,recharged,6.282266746896006,2,re_##charged,-26.98909568786621
895,recited,7.323170717943469,1,recited,-14.361263275146484
896,recluse,7.684783943522785,4,re_##c_##lus_##e,-38.21343278884888
897,recruited,6.642486801367256,1,recruited,-13.559483528137209
898,redecorated,6.18826412308259,4,red_##ec_##ora_##ted,-49.99286651611328
899,refugee,8.846640813100485,1,refugee,-14.377979278564451
900,reimbursed,6.507277712385012,4,re_##im_##bur_##sed,-46.9683575630188
901,relative,9.851615143125416,1,relative,-13.22461986541748
902,relaxed,7.719573989259581,1,relaxed,-13.57577133178711
903,released,9.07096335550754,1,released,-10.655654907226562
904,relieved,7.682021510826875,1,relieved,-13.359701156616213
905,remedy,9.513477398982824,1,remedy,-13.692005157470703
906,repaired,7.424761761823209,1,repaired,-13.277929306030272
907,repairman,6.037870919922137,2,repair_##man,-26.47148704528809
908,reporter,8.450839690866216,1,reporter,-13.96703815460205
909,representative,9.986955157777391,1,representative,-12.333724975585938
910,reprimanded,6.533788837933344,4,re_##p_##rima_##nded,-47.29428195953369
911,reproached,6.634633357861686,4,re_##p_##roach_##ed,-40.40936756134033
912,repulsed,6.93828448401696,1,repulsed,-14.969398498535156
913,requested,8.499843553081124,1,requested,-12.081547737121582
914,rescheduled,5.438079308923196,4,re_##sche_##du_##led,-48.4822678565979
915,rescued,7.172424577124845,1,rescued,-13.241044998168944
916,researcher,8.628734566149145,1,researcher,-13.749330520629885
917,respected,8.401557847817314,1,respected,-14.041011810302734
918,restrained,7.686162303492906,1,restrained,-14.219183921813965
919,resuscitated,6.440946540632921,4,re_##sus_##ci_##tated,-51.43440771102905
920,retailer,7.912056888179006,1,retailer,-14.99594497680664
921,revered,6.879355804460439,1,revered,-14.79781436920166
922,reviewer,7.600902459542082,1,reviewer,-13.57890510559082
923,revised,7.761744984658913,1,revised,-13.501749038696287
924,revived,7.929846429742503,1,revived,-14.04946517944336
925,rewarded,7.738923757439457,1,rewarded,-14.05944538116455
926,ridiculed,6.874198495453294,4,rid_##ic_##ule_##d,-47.59832191467285
927,right-winger,0.0,3,right_-_winger,-17.486374855041504
928,rioter,7.455298485683291,2,riot_##er,-25.20700740814209
929,rival,10.191257121160008,1,rival,-13.559328079223633
930,robbed,6.661854740545311,1,robbed,-14.552519798278809
931,robber,9.248695325852646,3,r_##ob_##ber,-34.1729736328125
932,rogue,8.570733958344267,1,rogue,-14.52082347869873
933,rookie,6.342121418721152,1,rookie,-13.239176750183104
934,roommate,6.663132695990803,1,roommate,-14.948124885559082
935,ruffian,8.455104999102815,3,r_##uff_##ian,-34.329294204711914
936,run,11.654858960858896,1,run,-12.069904327392578
937,sailor,9.165238398063762,1,sailor,-14.759454727172852
938,salesman,7.716015266642587,1,salesman,-14.499711990356444
939,saluted,6.70808408385307,2,salute_##d,-27.319595336914062
940,sang,11.193436197869334,1,sang,-13.877342224121094
941,sauteed,5.986452005284438,3,sa_##ute_##ed,-33.23388767242432
942,saved,9.12347443895452,1,saved,-12.358770370483398
943,saw,11.063524143191238,1,saw,-11.012749671936035
944,scared,7.941295570906532,1,scared,-13.219444274902344
945,schedule,9.383032379794294,1,schedule,-12.803442001342772
946,scholar,10.444357297650496,1,scholar,-13.529962539672852
947,school,11.783791944493448,1,school,-11.13747501373291
948,schoolgirl,7.333023014386481,2,school_##girl,-24.845956802368164
949,scientist,9.106312301552135,1,scientist,-13.18167495727539
950,scolded,6.452048954437226,3,s_##co_##lded,-33.00589561462402
951,scorned,6.937314081223682,3,s_##corn_##ed,-30.43155574798584
952,scoundrel,8.218247926685745,4,s_##co_##und_##rel,-44.818068504333496
953,screenwriter,6.263398262591624,1,screenwriter,-14.36456298828125
954,sculptor,8.211754397375197,1,sculptor,-12.787667274475098
955,sealed,7.822845290279774,1,sealed,-12.033449172973633
956,seaman,8.001689978099135,2,sea_##man,-25.40937614440918
957,seamstress,7.275864600546533,4,sea_##ms_##tres_##s,-43.67197799682617
958,secretary,9.464672464746409,1,secretary,-13.167795181274414
959,seeker,8.061802274538348,2,seek_##er,-24.549224853515625
960,seen,10.526560920459826,1,seen,-11.264235496520996
961,senator,9.564371824969498,1,senator,-13.88682460784912
962,senior,9.20693457884135,1,senior,-12.561009407043455
963,sensed,7.136483208590247,1,sensed,-13.796629905700684
964,sent,12.225679175169091,1,sent,-11.658452987670898
965,sentry,7.752335163302292,2,sent_##ry,-24.352951049804688
966,sergeant,8.385260520155413,1,sergeant,-14.287064552307127
967,servant,10.311283275982577,1,servant,-14.065762519836426
968,service,11.347508221769042,1,service,-10.69257926940918
969,serviceman,5.7745515455444085,2,service_##man,-24.576125144958496
970,shamed,7.120444372392488,2,shame_##d,-26.14588165283203
971,sharecropper,6.690842277418564,4,share_##c_##rop_##per,-45.70273780822754
972,shark,9.0095696715137,1,shark,-14.041705131530762
973,shaved,6.3835066348840055,1,shaved,-14.076461791992188
974,sheriff,8.989444293202451,1,sheriff,-13.948933601379396
975,ship,11.521072190105995,1,ship,-12.53714656829834
976,shipped,6.983789965258135,1,shipped,-14.779531478881836
977,shirt,9.704426671737876,1,shirt,-13.099899291992188
978,shocked,6.921658184151129,1,shocked,-13.839506149291992
979,shoemaker,7.59890045687141,2,shoe_##maker,-31.56858253479004
980,shopkeeper,7.477604243197589,2,shop_##keeper,-27.531007766723636
981,shot,10.481308053126398,1,shot,-11.67185878753662
982,shoved,6.102558594613569,1,shoved,-12.995288848876951
983,shrink,9.089527751759436,1,shrink,-13.90507984161377
984,shuttle,8.620291149419804,1,shuttle,-14.357810974121094
985,sighted,7.9355873855892,1,sighted,-13.837458610534668
986,sightseer,6.721425700790643,2,sights_##eer,-30.486894607543945
987,signaled,6.018593214496234,1,signaled,-14.386825561523438
988,signed,8.870101048785726,1,signed,-10.752715110778809
989,singer,8.385716828627851,1,singer,-12.42798900604248
990,sink,9.821626526055809,1,sink,-12.616652488708496
991,sitter,7.123672785204607,2,sit_##ter,-26.567386627197266
992,skater,7.075808863978387,1,skater,-14.047412872314451
993,sketched,7.065613363597717,2,sketch_##ed,-26.435863494873047
994,skimmed,6.831953565565855,3,ski_##mme_##d,-34.15030288696289
995,skipper,7.912056888179006,2,skip_##per,-28.35947036743164
996,slave,11.330515904304049,1,slave,-14.01047420501709
997,sleuth,8.118207049405783,3,s_##le_##uth,-32.70258903503418
998,sliced,6.852242569051878,1,sliced,-13.493221282958984
999,smoked,7.399398083331354,1,smoked,-14.211318969726562
1000,smuggler,7.40184157874383,2,smug_##gler,-28.356739044189453
1001,sniper,7.237059026124737,1,sniper,-14.011281967163086
1002,snorkeler,5.707110264748875,4,s_##nor_##kel_##er,-39.54509162902832
1003,snubbed,6.349138991379798,3,s_##nu_##bbed,-35.21631336212158
1004,social,11.078613251304343,1,social,-13.097286224365234
1005,socialite,7.00397413672268,2,social_##ite,-26.51032066345215
1006,sociologist,7.595889917718538,2,socio_##logist,-30.64313507080078
1007,sociopath,7.361375428977347,2,socio_##path,-29.90535926818848
1008,soda,9.915020788349802,1,soda,-13.770090103149414
1009,soldier,10.532282861205116,1,soldier,-13.303625106811523
1010,songwriter,6.906754778648554,1,songwriter,-13.728290557861328
1011,soothed,6.687108607866515,3,so_##oth_##ed,-32.12618541717529
1012,soothsayer,7.31455283232408,4,so_##oth_##say_##er,-43.87921524047852
1013,soprano,7.943782692458625,1,soprano,-13.640921592712402
1014,sorcerer,7.60489448081162,2,so_##rcerer,-27.65798759460449
1015,souvenir,8.037866234709618,3,so_##uve_##nir,-37.50199222564697
1016,spanked,6.173786103901937,2,span_##ked,-28.741209030151367
1017,speaker,9.269646477873591,1,speaker,-13.91047477722168
1018,specialist,8.74528448245438,1,specialist,-13.39439582824707
1019,speech,10.59770915569734,1,speech,-13.633529663085938
1020,spirit,11.60271132285905,1,spirit,-13.218860626220703
1021,sponsor,8.860499167616016,1,sponsor,-13.775272369384766
1022,sponsored,6.395261598115449,1,sponsored,-12.888557434082031
1023,sportscaster,6.107022887742255,2,sports_##caster,-29.438790321350098
1024,spotted,7.280008252884188,1,spotted,-13.57249355316162
1025,sprinkled,6.715383386334681,3,s_##p_##rinkled,-29.84835720062256
1026,squandered,6.555356891810665,3,sq_##uan_##dered,-40.519537925720215
1027,squid,8.043984431221553,2,sq_##uid,-28.33725452423096
1028,stalked,6.133398042996649,1,stalked,-13.578583717346191
1029,star,12.202210195865874,1,star,-12.604312896728516
1030,startled,6.911747300251674,1,startled,-14.74285888671875
1031,stash,7.485491608030754,3,s_##tas_##h,-30.416786193847656
1032,statesman,8.5956346177228,1,statesman,-15.72746753692627
1033,station,10.64875268735818,1,station,-11.33781909942627
1034,statistician,7.346010209913293,4,s_##tat_##istic_##ian,-44.55010509490967
1035,steak,8.323608442343572,1,steak,-13.589227676391602
1036,steered,6.293419278846481,1,steered,-14.593067169189451
1037,stewardess,6.954638864880987,3,stew_##ard_##ess,-37.15474510192871
1038,stockpile,7.113142108707088,2,stock_##pile,-29.73451042175293
1039,stole,8.906122330884303,1,stole,-13.681163787841797
1040,stolen,7.926241523170962,1,stolen,-12.75975227355957
1041,stonecutter,6.720220155135295,3,stone_##cut_##ter,-37.01238632202149
1042,story,10.417836960475736,1,story,-12.2629976272583
1043,stranger,9.314700387300425,1,stranger,-13.679179191589355
1044,streetwalker,6.639875833826536,3,street_##walk_##er,-33.57048988342285
1045,striker,8.09437844497296,1,striker,-13.37786865234375
1046,student,10.780330345443172,1,student,-12.391895294189451
1047,studied,9.66997795897274,1,studied,-12.666407585144045
1048,subdued,7.682943169878292,1,subdued,-15.474716186523438
1049,subject,11.473633549282107,1,subject,-12.744380950927734
1050,successor,9.846440897156851,1,successor,-13.699459075927734
1051,sugar,10.483941845626784,1,sugar,-13.259845733642578
1052,suit,10.884929118046289,1,suit,-13.108819961547852
1053,suitcase,6.83087423464618,1,suitcase,-13.810993194580078
1054,sung,9.401456476451632,1,sung,-14.417780876159668
1055,supervised,6.626717749249025,1,supervised,-15.022516250610352
1056,supervisor,8.80597465931132,1,supervisor,-15.220256805419922
1057,supper,9.184304357425342,1,supper,-15.078277587890623
1058,supplied,8.255568653283746,1,supplied,-13.743677139282228
1059,supplier,8.40178233990491,1,supplier,-15.730064392089844
1060,supported,8.44009614103127,1,supported,-11.948050498962402
1061,supremacist,6.030685260261263,5,su_##p_##rem_##ac_##ist,-57.92487955093384
1062,surfer,7.678326356506885,2,surf_##er,-25.58367919921875
1063,surprised,7.596392304064196,1,surprised,-13.375533103942873
1064,suspected,8.121183242078828,1,suspected,-13.538503646850586
1065,swallowed,6.735780014242327,1,swallowed,-12.739049911499023
1066,swimmer,7.830425617820331,1,swimmer,-13.766008377075195
1067,swindled,6.338594078203183,3,s_##wind_##led,-32.064398765563965
1068,swindler,7.527793987721444,3,s_##wind_##ler,-32.95133018493652
1069,table,11.175899074834314,1,table,-11.9375638961792
1070,tailor,9.137231900155545,2,tail_##or,-27.39604663848877
1071,taken,10.125029822483365,1,taken,-11.314519882202148
1072,tanner,8.265907334155747,2,tan_##ner,-27.508447647094727
1073,tap,11.592004631664135,1,tap,-12.821247100830078
1074,target,9.821138019519102,1,target,-13.033445358276367
1075,taught,9.003439196207838,1,taught,-12.725238800048828
1076,taunted,6.300785794663244,2,ta_##unted,-29.266819953918457
1077,taxi-driver,0.0,3,taxi_-_driver,-19.390446662902832
1078,teacher,10.666720340662762,1,teacher,-12.867324829101562
1079,technician,7.715123603632105,1,technician,-13.697057723999023
1080,teenager,7.643482907077201,1,teenager,-14.107282638549805
1081,tenant,9.882161765821376,1,tenant,-16.13182830810547
1082,tennis,8.24143968982973,1,tennis,-13.201386451721191
1083,tenor,9.24725072599628,1,tenor,-13.106453895568848
1084,terrified,7.089243155027514,1,terrified,-13.863927841186523
1085,terrorist,8.06211758275474,1,terrorist,-13.964430809020996
1086,terrorized,6.037870919922137,2,terror_##ized,-28.742605209350582
1087,tested,8.71308886823731,1,tested,-13.24929428100586
1088,thanked,6.516193076042964,1,thanked,-13.489288330078123
1089,the,14.746817578910242,1,the,-6.196805000305176
1090,therapist,7.752335163302292,1,therapist,-14.279712677001951
1091,thief,8.5016733797582,1,thief,-13.6473388671875
1092,thinker,8.649448770536708,2,think_##er,-22.48920249938965
1093,threatened,8.552946361122055,1,threatened,-12.425145149230955
1094,thug,8.679141958402255,2,th_##ug,-26.42414951324463
1095,tidied,6.212606095751519,3,t_##id_##ied,-33.01515913009644
1096,tipped,6.821107472256465,1,tipped,-13.613653182983398
1097,tobacconist,7.147559271189454,2,tobacco_##nist,-29.91171360015869
1098,toddler,7.353722330399631,2,to_##ddler,-25.033695220947266
1099,tolerated,8.319229938632326,2,tolerate_##d,-26.90845394134521
1100,took,9.54809749706027,1,took,-10.024227142333984
1101,tormented,7.324489979348532,2,torment_##ed,-27.12216186523437
1102,tour-guide,0.0,3,tour_-_guide,-23.010476112365723
1103,tourist,8.745921121024347,1,tourist,-13.02017307281494
1104,townsperson,5.327876168789581,2,towns_##person,-30.28147792816162
1105,trader,9.399389249519563,1,trader,-15.394854545593262
1106,trained,7.678326356506885,1,trained,-13.01638412475586
1107,trainee,7.490529402060711,2,train_##ee,-26.034862518310547
1108,trainer,7.709756864454165,1,trainer,-14.28403377532959
1109,traitor,9.068776807654396,1,traitor,-13.276693344116213
1110,translator,8.383433201236713,1,translator,-13.823394775390623
1111,transported,7.173191742486599,1,transported,-13.400226593017578
1112,trapped,6.669498089857879,1,trapped,-12.901866912841797
1113,trashcan,5.986452005284438,2,trash_##can,-28.47521209716797
1114,traveler,8.17188200612782,2,travel_##er,-24.075963973999023
1115,traveling,7.7406644019172415,1,traveling,-13.787738800048828
1116,treated,8.878358040627822,1,treated,-12.490245819091797
1117,tree,11.134150972115108,1,tree,-12.926410675048828
1118,trespasser,7.872836175025724,4,t_##res_##pass_##er,-39.9970588684082
1119,tribesman,6.505784060128229,2,tribes_##man,-27.433385848999023
1120,tricked,6.86484777797086,2,trick_##ed,-25.833158493041992
1121,trickster,7.668093709082406,2,tricks_##ter,-28.029536247253414
1122,trip,11.776243120969394,1,trip,-12.79544448852539
1123,triumph,10.595834412925305,1,triumph,-13.84848690032959
1124,troll,9.648788832566362,1,troll,-14.641392707824709
1125,trooper,7.425357887027151,2,troop_##er,-26.255868911743164
1126,troublemaker,6.586171654854675,2,trouble_##maker,-29.85076332092285
1127,trusted,7.85670679309584,1,trusted,-13.92270278930664
1128,turkey,8.830835365537549,1,turkey,-14.505996704101562
1129,tutored,6.660575149839686,2,tutor_##ed,-27.196083068847656
1130,tv,11.632147464820866,2,t_##v,-21.03381967544556
1131,tycoon,7.219642040130735,3,t_##y_##coon,-32.39505481719971
1132,umbrella,8.452974619089586,1,umbrella,-13.735647201538086
1133,uncle,10.20861653859163,1,uncle,-13.147371292114258
1134,uncorked,6.411818267709897,3,un_##cor_##ked,-35.2020206451416
1135,undercharged,6.236369590203704,2,under_##charged,-28.30328750610352
1136,undertaker,7.614805364711073,2,undertake_##r,-25.753336906433105
1137,unicyclist,5.393627546352362,5,un_##ic_##y_##c_##list,-56.742103099823
1138,union,10.811201609659424,1,union,-12.819693565368652
1139,unlocked,6.508769136971682,1,unlocked,-12.754035949707031
1140,unnerved,6.470799503782602,3,un_##ner_##ved,-32.430585861206055
1141,upset,8.568646473005153,1,upset,-13.369702339172363
1142,urologist,6.536691597591305,3,u_##rol_##ogist,-40.89681529998779
1143,vacationer,6.335054251498059,2,vacation_##er,-25.33430957794189
1144,vagabond,8.963160242833732,4,v_##aga_##bon_##d,-47.07266998291016
1145,vagrant,7.713784616598755,3,v_##ag_##rant,-39.0384578704834
1146,valet,9.465215121451848,2,v_##alet,-26.42433452606201
1147,vandal,8.62299361030245,2,van_##dal,-29.61783790588379
1148,vanquished,7.463363045520021,2,van_##quished,-27.880983352661133
1149,vehicle,9.474472303967705,1,vehicle,-13.294198989868164
1150,vendor,8.379079889286603,1,vendor,-14.919568061828612
1151,verified,7.917171988845776,1,verified,-14.478278160095217
1152,veteran,9.086136768516877,1,veteran,-13.86082935333252
1153,vexed,7.493873886783559,2,ve_##xed,-28.724427223205566
1154,victor,10.774697232969643,3,v_##ict_##or,-35.883660316467285
1155,victory,9.71794080038648,1,victory,-12.691059112548828
1156,villager,8.019283792916793,2,village_##r,-23.1602783203125
1157,violinist,7.849323818040561,1,violinist,-14.372106552124023
1158,virtuoso,7.981733286691885,4,v_##irt_##uo_##so,-49.628562927246094
1159,visited,7.752335163302292,1,visited,-12.317901611328123
1160,visitor,8.883778861463485,1,visitor,-14.345586776733398
1161,vocalist,7.199678345691172,1,vocalist,-13.569947242736816
1162,volunteer,9.140454244512016,1,volunteer,-14.772242546081545
1163,vote,10.941092854629048,1,vote,-12.789952278137209
1164,voter,9.302919553269277,1,voter,-16.0765380859375
1165,warden,8.328934041955529,2,ward_##en,-27.119237899780277
1166,warlord,6.804614520062624,1,warlord,-14.897112846374512
1167,warmonger,6.735780014242327,3,warm_##ong_##er,-34.190518379211426
1168,was,12.409360368133031,1,was,-7.3880085945129395
1169,wash,10.983511476392884,1,wash,-13.7771635055542
1170,wasted,7.792348924113037,1,wasted,-14.29433250427246
1171,watched,7.206377291472252,1,watched,-12.459220886230469
1172,watchman,7.143617602704121,2,watch_##man,-25.56264305114746
1173,watered,7.3938782901077555,2,water_##ed,-23.778573036193848
1174,weatherman,5.926926025970411,2,weather_##man,-25.957921981811523
1175,wed,10.960756877669857,1,wed,-14.52251434326172
1176,weighed,7.074116816197362,1,weighed,-13.052380561828612
1177,welcomed,6.881411303642535,1,welcomed,-13.63434600830078
1178,welder,7.237059026124737,2,we_##lder,-24.581835746765137
1179,whistle-blower,0.0,4,whistle_-_blow_##er,-21.624239921569824
1180,wholesaler,7.687538766201629,2,wholesale_##r,-25.882424354553223
1181,widower,7.890582534656536,2,widow_##er,-24.74905776977539
1182,wife,10.60569357758442,1,wife,-11.471024513244627
1183,windbag,6.975413927455952,2,wind_##bag,-29.548582077026367
1184,winemaker,6.54965074223381,2,wine_##maker,-30.155756950378414
1185,winner,7.77485576666552,1,winner,-12.55723476409912
1186,wiped,6.610696044717759,1,wiped,-12.620217323303224
1187,wire,10.366938509842946,1,wire,-13.25098991394043
1188,witness,10.532869246423688,1,witness,-13.010071754455566
1189,wizard,8.37930948405285,1,wizard,-13.141206741333008
1190,woman,10.807584238309577,1,woman,-10.805063247680664
1191,womanizer,6.013715156042802,2,woman_##izer,-27.15533828735352
1192,won,11.762547350597467,1,won,-10.320305824279783
1193,woodworker,6.7580945044277305,3,wood_##work_##er,-32.96291637420654
1194,wooed,6.663132695990803,3,w_##oo_##ed,-32.93203067779541
1195,word,11.538982999289518,1,word,-11.480134963989258
1196,worker,11.12710120636704,1,worker,-13.81341552734375
1197,wrecked,6.823286122355687,1,wrecked,-13.39268398284912
1198,wrinkled,7.114769448366463,1,wrinkled,-14.642266273498535
1199,writer,10.481279996733043,1,writer,-12.721399307250977
1200,youngster,7.630461261783627,2,young_##ster,-26.05346298217773
1201,youth,10.312512981839047,1,youth,-12.975822448730469
1202,zealot,7.842278779117352,3,z_##eal_##ot,-37.06780910491944
1203,zookeeper,5.988961416889864,2,zoo_##keeper,-28.32242584228516
